USE clinica;

INSERT INTO paciente (idPaciente, Nome, DataNascimento, Endereco, Email, Telefone, RG, CPF, id_convenio) 
	VALUES (1,'Berenice Facre Constantino',19710902,'55640-292,Rua Bolívia,Porta Florada,Gravatá,PE',
    'berenice.constantino@geradornv.com.br','(81) 98840-5074','42.243.873-3','283.231.894-04',3);
    
INSERT INTO paciente (idPaciente, Nome, DataNascimento, Endereco, Email, Telefone, RG, CPF, id_convenio) 
	VALUES (2,'Aldemar Mello Valle',19530424,'50050-060,Praça Doutor Adolfo Cirne,Boa Vista,Recife,PE',
    'aldemar.valle@geradornv.com.br','(81) 98485-2156','13.111.936-9','865.785.214-45',1);
    
INSERT INTO paciente (idPaciente, Nome, DataNascimento, Endereco, Email, Telefone, RG, CPF, id_convenio) 
	VALUES (3,'Islayne Bezerra Cardoso',19770611,'53060-470,Rua Torbenita Verde,Fragoso,Olinda,PE',
    'islayne.cardoso@geradornv.com.br','(81) 97499-9059','48.457.088-2','876.532.864-70',1);
    
INSERT INTO paciente (idPaciente, Nome, DataNascimento, Endereco, Email, Telefone, RG, CPF, id_convenio) 
	VALUES (4,'Marcela Luques Matta',19830323,'54365-000,Avenida de Contorno,Marcos Freire,Jaboatão dos Guararapes,PE',
    'marcela.matta@geradornv.com.br','(81) 97231-4582','19.441.882-0','335.118.554-54',4);
    
INSERT INTO paciente (idPaciente, Nome, DataNascimento, Endereco, Email, Telefone, RG, CPF, id_convenio) 
	VALUES (5,'Wallace Castro Jesus',19961231,'54768-796,Rua Gérson de Aquino Lucena,Timbí,Camaragibe,PE',
    'wallace.jesus@geradornv.com.br','(81) 97231-4582','13.483.557-8','844.525.844-38',4);

INSERT INTO paciente (idPaciente, Nome, DataNascimento, Endereco, Email, Telefone, RG, CPF,id_Convenio) 
	VALUES (6,'Heber Bezerra Alfradique',19860112,'54727-270,Rua M,Nova Tiúma,São Lourenço da Mata,PE',
    'heber.alfradique@geradornv.com.br','(87) 97592-2212','14.521.628-7','755.452.384-84',1);
    
INSERT INTO paciente (idPaciente, Nome, DataNascimento, Endereco, Email, Telefone, RG, CPF,id_Convenio) 
	VALUES (7,'Murilo Rego Pontes',19981201,'53645-210,Rua Arcoverde,Monjope,Igarassu,PE',
    'murilo.pontes@geradornv.com.br','(81) 98713-6729','38.146.013-7','438.375.484-81',3);    
    
INSERT INTO paciente (idPaciente, Nome, DataNascimento, Endereco, Email, Telefone, RG, CPF,id_Convenio) 
	VALUES (8,'Rachel Espindola Viana',19720831,'54789-480,Rua Guilherme Brasileiro,Borralho,Camaragibe,PE',
    'rachel.viana@geradornv.com.br','(81) 99369-5915','23.537.260-2','871.071.254-27',5);    
    
INSERT INTO paciente (idPaciente, Nome, DataNascimento, Endereco, Email, Telefone, RG, CPF,id_Convenio) 
	VALUES (9,'Rubia Peixoto Vilar',19680201,'55015-200,Rua São João no Arraiá,Luiz Gonzaga,Caruaru,PE',
    'rubia.vilar@geradornv.com.br','(87) 99912-6169','23.744.865-8','420.167.734-64',4); 
    
INSERT INTO paciente (idPaciente, Nome, DataNascimento, Endereco, Email, Telefone, RG, CPF,id_Convenio) 
	VALUES (10,'Adelir Cavalcanti Inácio',19821024,'56326-022,Rua Um,Dom Avelar,Petrolina,PE',
    'adelir.inacio@geradornv.com.br','(81) 3453-4789','39.463.645-4','103.854.704-01',5); 
    
INSERT INTO paciente (idPaciente, Nome, DataNascimento, Endereco, Email, Telefone, RG, CPF,id_Convenio) 
	VALUES (11,'João Quindeler Caldas',19551116,'52125-280,Rua Riacho Eixo Jacaré,Peixinhos,Recife,PE',
    'joao.caldas@geradornv.com.br','(87) 98338-8118','49.827.267-9','646.664.364-64',2); 
    
INSERT INTO paciente (idPaciente, Nome, DataNascimento, Endereco, Email, Telefone, RG, CPF,id_Convenio) 
	VALUES (12,'Alzira Freitas Moraes',19661105,'50740-015,Rua Alegria,Várzea,Recife,PE',
    'alzira.moraes@geradornv.com.br','(87) 3372-9268','17.727.416-5','324.234.714-59',3); 
    
INSERT INTO paciente (idPaciente, Nome, DataNascimento, Endereco, Email, Telefone, RG, CPF,id_Convenio) 
	VALUES (13,'Monique de Carvalho Bandeira',19531105,'55296-120,Rua Doutor Celso Galvão,Heliópolis,Garanhuns,PE',
    'monique.bandeira@geradornv.com.br','(87) 3735-2109','11.432.311-2','538.621.134-00',4); 
    
INSERT INTO paciente (idPaciente, Nome, DataNascimento, Endereco, Email, Telefone, RG, CPF,id_Convenio) 
	VALUES (14,'Aline Guerini Fonseca',19850315,'53635-690,Rua Novelino,Rubina,Igarassu,PE',
    'aline.fonseca@geradornv.com.br','(87) 96933-8812','34.542.741-5','815.496.154-75',1); 
    
INSERT INTO paciente (idPaciente, Nome, DataNascimento, Endereco, Email, Telefone, RG, CPF,id_Convenio) 
	VALUES (15,'Aldemar Heizelmann Salomão',19651219,'56330-515,Rua Dalú Silvas Santos,Caminho do Sol,Petrolina,PE',
    'aldemar.salomao@geradornv.com.br','(87) 97139-2188','41.617.288-8','301.475.264-93',1); 

INSERT INTO consulta (idConsulta, Data, Hora, ValorConsulta, NumeroCarteira, NomeConvenio, 
Medico_id, Especialidade_id, Paciente_id) 
VALUES (1,20150317,080000,100.0,'3079804-30','MediClass',3,2,1);

INSERT INTO consulta (idConsulta, Data, Hora, ValorConsulta, NumeroCarteira, NomeConvenio, 
Medico_id, Especialidade_id, Paciente_id) 
VALUES (2,20150425,123500,100.0,'2131651-12','Cuidando de Você',4,2,2);

INSERT INTO consulta (idConsulta, Data, Hora, ValorConsulta, NumeroCarteira, NomeConvenio, 
Medico_id, Especialidade_id, Paciente_id) 
VALUES (3,20150427,145000,200.0,'0','Sem Convênio',7,3,3);

INSERT INTO consulta (idConsulta, Data, Hora, ValorConsulta, NumeroCarteira, NomeConvenio, 
Medico_id, Especialidade_id, Paciente_id) 
VALUES (4,20150702,073000,150.0,'9386863-48','MediClass',5,2,4);

INSERT INTO consulta (idConsulta, Data, Hora, ValorConsulta, NumeroCarteira, NomeConvenio, 
Medico_id, Especialidade_id, Paciente_id) 
VALUES (5,20150929,073000,100.0,'3079804-30','MediClass',3,2,1);

INSERT INTO consulta (idConsulta, Data, Hora, ValorConsulta, NumeroCarteira, NomeConvenio, 
Medico_id, Especialidade_id, Paciente_id) 
VALUES (6,20151015,133000,200.0,'3079804-30','MediClass',6,3,5);

INSERT INTO consulta (idConsulta, Data, Hora, ValorConsulta, NumeroCarteira, NomeConvenio, 
Medico_id, Especialidade_id, Paciente_id) 
VALUES (7,20151107,103000,175.0,'0','Sem Convênio',10,4,6);

INSERT INTO consulta (idConsulta, Data, Hora, ValorConsulta, NumeroCarteira, NomeConvenio, 
Medico_id, Especialidade_id, Paciente_id) 
VALUES (8,20151212,153000,180.0,'0','Sem Convênio',6,3,7);

INSERT INTO consulta (idConsulta, Data, Hora, ValorConsulta, NumeroCarteira, NomeConvenio, 
Medico_id, Especialidade_id, Paciente_id) 
VALUES (9,20160125,103000,300.0,'9386863-48','MediClass',10,4,4);

INSERT INTO consulta (idConsulta, Data, Hora, ValorConsulta, NumeroCarteira, NomeConvenio, 
Medico_id, Especialidade_id, Paciente_id) 
VALUES (10,20160315,123000,200.0,'9386863-48','SaúdePlus',3,2,8);

INSERT INTO consulta (idConsulta, Data, Hora, ValorConsulta, NumeroCarteira, NomeConvenio, 
Medico_id, Especialidade_id, Paciente_id) 
VALUES (11,20160725,160000,270.0,'3079804-30','MediClass',8,4,9);

INSERT INTO consulta (idConsulta, Data, Hora, ValorConsulta, NumeroCarteira, NomeConvenio, 
Medico_id, Especialidade_id, Paciente_id) 
VALUES (12,20160913,093000,170.0,'9386863-48','SaúdePlus',9,4,10);

INSERT INTO consulta (idConsulta, Data, Hora, ValorConsulta, NumeroCarteira, NomeConvenio, 
Medico_id, Especialidade_id, Paciente_id) 
VALUES (13,20161213,113000,75.0,'0','Sem Convênio',6,3,7);

INSERT INTO consulta (idConsulta, Data, Hora, ValorConsulta, NumeroCarteira, NomeConvenio, 
Medico_id, Especialidade_id, Paciente_id) 
VALUES (14,20170607,143000,375.0,'9976731-76','Sempre Sáude',7,3,11);

INSERT INTO consulta (idConsulta, Data, Hora, ValorConsulta, NumeroCarteira, NomeConvenio, 
Medico_id, Especialidade_id, Paciente_id) 
VALUES (15,20180810,083000,122.0,'2131651-12','Cuidando de Você',5,2,12);

INSERT INTO consulta (idConsulta, Data, Hora, ValorConsulta, NumeroCarteira, NomeConvenio, 
Medico_id, Especialidade_id, Paciente_id) 
VALUES (16,20181212,130000,150.0,'3079804-30','MediClass',2,1,13);

INSERT INTO consulta (idConsulta, Data, Hora, ValorConsulta, NumeroCarteira, NomeConvenio, 
Medico_id, Especialidade_id, Paciente_id) 
VALUES (17,20190506,160000,200.0,'9386863-48','SaúdePlus',1,1,10);

INSERT INTO consulta (idConsulta, Data, Hora, ValorConsulta, NumeroCarteira, NomeConvenio, 
Medico_id, Especialidade_id, Paciente_id) 
VALUES (18,20200807,151500,300.0,'0','Sem Convênio',10,4,14);

INSERT INTO consulta (idConsulta, Data, Hora, ValorConsulta, NumeroCarteira, NomeConvenio, 
Medico_id, Especialidade_id, Paciente_id) 
VALUES (19,20210728,132500,450.0,'0','Sem Convênio',9,4,15);

INSERT INTO consulta (idConsulta, Data, Hora, ValorConsulta, NumeroCarteira, NomeConvenio, 
Medico_id, Especialidade_id, Paciente_id) 
VALUES (20,20211214,160000,150.0,'9386863-48','SaúdePlus',4,2,8);

INSERT INTO receita (idReceita, Medicamento, Instrucoes_de_uso, Quantidade, Consulta_id) 
VALUES (1,'Paracetamol','Tomar de 12 em 12 horas','1 Cartela',1);

INSERT INTO receita (idReceita, Medicamento, Instrucoes_de_uso, Quantidade, Consulta_id) 
VALUES (2,'Simeticona','Tomar 1 após o almoço','Meia Cartela',1);

INSERT INTO receita (idReceita, Medicamento, Instrucoes_de_uso, Quantidade, Consulta_id) 
VALUES (3,'Lacto-Purga','Tomar 1 após os sintomas','1 por dia com sintomas',3);

INSERT INTO receita (idReceita, Medicamento, Instrucoes_de_uso, Quantidade, Consulta_id) 
VALUES (4,'Neosaldina','Tomar 1 após os sintomas','1 por dia com sintomas',3);

INSERT INTO receita (idReceita, Medicamento, Instrucoes_de_uso, Quantidade, Consulta_id) 
VALUES (5,'Histamin','Tomar 1 após os sintomas','1 por dia com sintomas',4);

INSERT INTO receita (idReceita, Medicamento, Instrucoes_de_uso, Quantidade, Consulta_id) 
VALUES (6,'Fluoconazol','1 por semana, tomar 8 dias após o anterior','1 cartela com 2 comprimidos',4);

INSERT INTO receita (idReceita, Medicamento, Instrucoes_de_uso, Quantidade, Consulta_id) 
VALUES (7,'Dorflex','Tomar 1 após os sintomas','1 por dia com sintomas',5);

INSERT INTO receita (idReceita, Medicamento, Instrucoes_de_uso, Quantidade, Consulta_id) 
VALUES (8,'Xantinon','Tomar 1 após os sintomas','1 por dia com sintomas',5);

INSERT INTO receita (idReceita, Medicamento, Instrucoes_de_uso, Quantidade, Consulta_id) 
VALUES (9,'Fluoconazol','1 por semana, tomar 8 dias após o anterior','1 cartela com 2 comprimidos',7);

INSERT INTO receita (idReceita, Medicamento, Instrucoes_de_uso, Quantidade, Consulta_id) 
VALUES (10,'Histamin creme','Passar na pele antes de dormir','1 vez por dia',7);

INSERT INTO receita (idReceita, Medicamento, Instrucoes_de_uso, Quantidade, Consulta_id) 
VALUES (11,'Lacto-Purga','Tomar 1 antes de dormir','1 por dia durante 7 dias',8);

INSERT INTO receita (idReceita, Medicamento, Instrucoes_de_uso, Quantidade, Consulta_id) 
VALUES (12,'Simeticona','Tomar 1 após o almoço','1 por dia durante 7 dias',8);

INSERT INTO receita (idReceita, Medicamento, Instrucoes_de_uso, Quantidade, Consulta_id) 
VALUES (13,'Budesonida','Utilizar 1 vez antes de dormir','1 vez por dia durante 30 dias',11);

INSERT INTO receita (idReceita, Medicamento, Instrucoes_de_uso, Quantidade, Consulta_id) 
VALUES (14,'Clenil Nasal','Utilizar 1 vez após acordar','1 vez por dia durante 30 dias',11);

INSERT INTO receita (idReceita, Medicamento, Instrucoes_de_uso, Quantidade, Consulta_id) 
VALUES (15,'Dipirona Monoidratada','Tomar ao sentir-se febril','1 Solução Oral 50mg',16);

INSERT INTO receita (idReceita, Medicamento, Instrucoes_de_uso, Quantidade, Consulta_id) 
VALUES (16,'Coristina D','Tomar de 12 em 12 horas','2 cartelas de 4 comprimidos',16);

INSERT INTO receita (idReceita, Medicamento, Instrucoes_de_uso, Quantidade, Consulta_id) 
VALUES (17,'Nebacetin Pomada','Passar 1 vez antes de dormir','1 Pomada com 15g',18);

INSERT INTO receita (idReceita, Medicamento, Instrucoes_de_uso, Quantidade, Consulta_id) 
VALUES (18,'Nimesulida','Tomar de 12 em 12 horas','1 cartela',18);

INSERT INTO receita (idReceita, Medicamento, Instrucoes_de_uso, Quantidade, Consulta_id) 
VALUES (19,'Histamin','Tomar 1 após os sintomas','1 por dia com sintomas',19);

INSERT INTO receita (idReceita, Medicamento, Instrucoes_de_uso, Quantidade, Consulta_id) 
VALUES (20,'Dorflex','1 após os sintomas','1 cartela',19);

INSERT INTO internacao (idInternacao, DataEntrada, DataPrevAlta, DataAlta, Procedimento,
id_Medico, id_Paciente, id_Convenio, id_Quarto, idTipo_Quarto) 
VALUES (1, 20150317, 20150318, 20150318,'Injeção de Benzetacil',3,1,4,5,3);

INSERT INTO internacao (idInternacao, DataEntrada, DataPrevAlta, DataAlta, Procedimento,
id_Medico, id_Paciente, id_Convenio, id_Quarto, idTipo_Quarto) 
VALUES (2, 20151107, 20151107, 20151108,'Aplicação de pomada anti-alérgica',10,6,1,6,3);

INSERT INTO internacao (idInternacao, DataEntrada, DataPrevAlta, DataAlta, Procedimento,
id_Medico, id_Paciente, id_Convenio, id_Quarto, idTipo_Quarto) 
VALUES (3, 20151120, 20151120, 20151121,'Aplicação de pomada anti-alérgica',10,6,1,5,3);

INSERT INTO internacao (idInternacao, DataEntrada, DataPrevAlta, DataAlta, Procedimento,
id_Medico, id_Paciente, id_Convenio, id_Quarto, idTipo_Quarto) 
VALUES (4, 20161115, 20161120, 20161121,'Aplicação de pomada anti-inflamatória',9,11,4,1,1);

INSERT INTO internacao (idInternacao, DataEntrada, DataPrevAlta, DataAlta, Procedimento,
id_Medico, id_Paciente, id_Convenio, id_Quarto, idTipo_Quarto) 
VALUES (5, 20181109, 20181110, 20181110,'Intubação',2,13,4,3,2);

INSERT INTO internacao (idInternacao, DataEntrada, DataPrevAlta, DataAlta, Procedimento,
id_Medico, id_Paciente, id_Convenio, id_Quarto, idTipo_Quarto) 
VALUES (6, 20190105, 20190108, 20190109,'Intubação',2,13,4,4,2);

INSERT INTO internacao (idInternacao, DataEntrada, DataPrevAlta, DataAlta, Procedimento,
id_Medico, id_Paciente, id_Convenio, id_Quarto, idTipo_Quarto) 
VALUES (7, 20211101, 20211101, 20211102,'Diripona por intravenoso',9,15,1,5,3);

INSERT INTO internacao_tem_enfermeiro (id_Internacao,id_Quarto,idTipo_Quarto,id_Enfermeiro) 
VALUES (1,5,3,1);

INSERT INTO internacao_tem_enfermeiro (id_Internacao,id_Quarto,idTipo_Quarto,id_Enfermeiro) 
VALUES (2,6,3,2);

INSERT INTO internacao_tem_enfermeiro (id_Internacao,id_Quarto,idTipo_Quarto,id_Enfermeiro) 
VALUES (3,5,3,2);

INSERT INTO internacao_tem_enfermeiro (id_Internacao,id_Quarto,idTipo_Quarto,id_Enfermeiro) 
VALUES (4,4,1,3);

INSERT INTO internacao_tem_enfermeiro (id_Internacao,id_Quarto,idTipo_Quarto,id_Enfermeiro) 
VALUES (5,3,2,4);

INSERT INTO internacao_tem_enfermeiro (id_Internacao,id_Quarto,idTipo_Quarto,id_Enfermeiro) 
VALUES (6,4,2,5);

INSERT INTO internacao_tem_enfermeiro (id_Internacao,id_Quarto,idTipo_Quarto,id_Enfermeiro) 
VALUES (7,5,3,6);
